{
	"format_version": "1.8.0",
	"animations": {
		"fly": {
			"loop": true,
			"animation_length": 1.3333,
			"bones": {
				"head": {
					"rotation": {
						"0.0": {
							"vector": [0, 0, 0]
						},
						"0.3333": {
							"vector": [-5, 0, 0],
							"easing": "easeOutQuad"
						},
						"0.75": {
							"vector": [2.5, -2.5, 0],
							"easing": "easeOutQuad"
						},
						"1.0417": {
							"vector": [2.5, 0, 0],
							"easing": "easeOutQuad"
						},
						"1.3333": {
							"vector": [0, 0, 0],
							"easing": "easeOutQuad"
						}
					}
				},
				"body": {
					"rotation": {
						"0.0": {
							"vector": [22.5, 0, 0]
						},
						"0.625": {
							"vector": [20, 0, 0],
							"easing": "linear"
						},
						"1.25": {
							"vector": [22.5, 0, 0],
							"easing": "linear"
						}
					}
				},
				"right_arm": {
					"rotation": {
						"0.0": {
							"vector": [-59.32999, -22.91262, 9.7947]
						},
						"0.75": {
							"vector": [-45.61597, -27.18693, 6.92991]
						},
						"1.3333": {
							"vector": [-59.32999, -22.91262, 9.7947]
						}
					}
				},
				"left_arm": {
					"rotation": {
						"0.0": {
							"vector": [-41.0116, 0.1552, -16.73123]
						},
						"0.5833": {
							"vector": [-28.60982, 4.54739, -19.12311]
						},
						"1.3333": {
							"vector": [-41.0116, 0.1552, -16.73123]
						}
					}
				},
				"left_wing": {
					"rotation": {
						"0.0": {
							"vector": [47.74642, -1.44088, 21.04354]
						},
						"0.3333": {
							"vector": [87.25038, 47.6465, 86.29705],
							"easing": "easeInOutQuad"
						},
						"0.6667": {
							"vector": [47.74642, -1.44088, 21.04354]
						},
						"1.0": {
							"vector": [79.25889, 55.13635, 85.66943],
							"easing": "easeInOutQuad"
						},
						"1.3333": {
							"vector": [47.74642, -1.44088, 21.04354],
							"easing": "easeInOutQuad"
						}
					}
				},
				"right_wing": {
					"rotation": {
						"0.0": {
							"vector": [47.74642, 1.44088, -21.04354]
						},
						"0.4167": {
							"vector": [90, -47.5, -90],
							"easing": "easeInOutQuad"
						},
						"0.7083": {
							"vector": [47.74642, 1.44088, -21.04354]
						},
						"1.0417": {
							"vector": [77.67193, -37.50918, -90.27459],
							"easing": "easeInOutQuad"
						},
						"1.3333": {
							"vector": [47.74642, 1.44088, -21.04354],
							"easing": "easeInOutQuad"
						}
					}
				}
			}
		},
		"work": {
			"loop": true,
			"animation_length": 0.6667,
			"bones": {
				"head": {
					"rotation": {
						"0.0": {
							"vector": [0, 0, 0]
						},
						"0.25": {
							"vector": [-22.27379, -6.12443, -8.30306]
						},
						"0.4583": {
							"vector": [7.49814, -2.15243, -2.80478],
							"easing": "easeOutQuint"
						},
						"0.6667": {
							"vector": [0, 0, 0]
						}
					}
				},
				"body": {
					"rotation": {
						"0.0": {
							"vector": [10, 0, 0]
						},
						"0.2083": {
							"vector": [9.99671, -2.02809, -2.89592]
						},
						"0.4583": {
							"vector": [9.96271, -0.86717, 4.92442]
						},
						"0.6667": {
							"vector": [10, 0, 0]
						}
					}
				},
				"right_arm": {
					"rotation": {
						"0.0": {
							"vector": [-95.41312, -22.60578, -0.17255]
						},
						"0.25": {
							"vector": [-117.85089, -22.59818, 5.88155]
						},
						"0.4167": {
							"vector": [-56.7793, -21.92519, 3.57589],
							"easing": "easeOutCubic"
						},
						"0.6667": {
							"vector": [-95.41312, -22.60578, -0.17255]
						}
					}
				},
				"left_arm": {
					"rotation": {
						"0.0": {
							"vector": [-66.84176, 13.92515, -0.89415]
						},
						"0.2917": {
							"vector": [-112.85664, 14.65933, 12.96498]
						},
						"0.4583": {
							"vector": [-34.89686, 12.23937, 9.84211],
							"easing": "easeOutQuad"
						},
						"0.6667": {
							"vector": [-66.84176, 13.92515, -0.89415]
						}
					}
				},
				"left_wing": {
					"rotation": {
						"0.0": {
							"vector": [72.74642, -1.44088, 21.04354]
						},
						"0.3333": {
							"vector": [87.90883, 27.66366, 87.35851],
							"easing": "easeInOutQuad"
						},
						"0.6667": {
							"vector": [67.74642, -1.44088, 21.04354]
						}
					}
				},
				"right_wing": {
					"rotation": {
						"0.0": {
							"vector": [67.74642, 1.44088, -21.04354]
						},
						"0.3333": {
							"vector": [73.00756, -39.31086, -86.8784]
						},
						"0.6667": {
							"vector": [67.74642, 1.44088, -21.04354]
						}
					}
				},
				"hat": {
					"rotation": {
						"0.0": {
							"vector": [0, 0, 0]
						},
						"0.4583": {
							"vector": [5, 0, 0],
							"easing": "easeInOutBack"
						},
						"0.6667": {
							"vector": [0, 0, 0]
						}
					}
				}
			}
		}
	},
	"geckolib_format_version": 2
}